<?xml version="1.0" encoding="UTF-8"?>
<ruleset>
	<rule ref="./vendor/mediawiki/mediawiki-codesniffer/MediaWiki">
		<exclude name="Generic.Files.LineLength.TooLong" />
		<exclude name="MediaWiki.Commenting.FunctionComment.MissingDocumentationPrivate" />
		<exclude name="MediaWiki.Commenting.FunctionComment.MissingDocumentationProtected" />
		<exclude name="MediaWiki.Commenting.FunctionComment.MissingDocumentationPublic" />
		<exclude name="MediaWiki.Commenting.PropertyDocumentation.MissingDocumentationPrivate" />
		<exclude name="MediaWiki.Commenting.PropertyDocumentation.MissingDocumentationProtected" />
		<exclude name="MediaWiki.Commenting.PropertyDocumentation.MissingDocumentationPublic" />
		<exclude name="MediaWiki.Commenting.PropertyDocumentation.MissingVar" />
		<exclude name="MediaWiki.ControlStructures.AssignmentInControlStructures.AssignmentInControlStructures" />
		<exclude name="MediaWiki.Files.ClassMatchesFilename.NotMatch" />
		<exclude name="MediaWiki.Usage.DeprecatedGlobalVariables.Deprecated$wgTitle" />
		<exclude name="MediaWiki.Usage.ExtendClassUsage.FunctionConfigUsage" />
		<exclude name="MediaWiki.Usage.ExtendClassUsage.FunctionVarUsage" />
		<exclude name="MediaWiki.Usage.ForbiddenFunctions.passthru" />
		<exclude name="Squiz.Scope.MethodScope.Missing" />
	</rule>
	<rule ref="MediaWiki.NamingConventions.PrefixedGlobalFunctions">
		<properties>
			<property name="ignoreList" type="array" value="registerAutoloaderPath,isReadablePath,addArguments,runTestAutoLoader" />
		</properties>
	</rule>
	<rule ref="MediaWiki.NamingConventions.ValidGlobalName">
		<properties>
			<property name="ignoreList" type="array" value="$smwgContLang,$smwgDefaultStore,$edgValues" />
		</properties>
	</rule>
	<file>.</file>
	<arg name="extensions" value="php"/>
	<arg name="encoding" value="UTF-8"/>
</ruleset>
